-- Bushi seed data (generated by generate-seed.mjs) — do not edit by hand.
PRAGMA foreign_keys = OFF;
BEGIN TRANSACTION;
INSERT INTO users (id,email,password_hash,email_verified_at,status,created_at,updated_at) VALUES
  ('user-admin','admin@bushi.app','seed$disabled',1751328000000,'active',1751328000000,1751328000000),
  ('user-organizer','organizer@bushi.app','seed$disabled',1751328000000,'active',1751328000000,1751328000000);
INSERT INTO user_profiles (user_id,full_name,locale,created_at,updated_at) VALUES
  ('user-admin','Platform Admin','en',1751328000000,1751328000000),
  ('user-organizer','Rin Watanabe','en',1751328000000,1751328000000);
INSERT INTO organizations (id,name,slug,plan_tier,created_by,created_at,updated_at) VALUES
  ('org-open','Open Circuit Martial Arts','open-circuit','pro','user-organizer',1751328000000,1751328000000);
INSERT INTO organization_memberships (id,org_id,user_id,role,created_at,updated_at) VALUES
  ('mem-admin','org-open','user-admin','platform_admin',1751328000000,1751328000000),
  ('mem-org','org-open','user-organizer','organizer',1751328000000,1751328000000);
INSERT INTO subscriptions (id,org_id,tier,status,current_period_end,created_at,updated_at) VALUES
  ('sub-open','org-open','pro','active',1753920000000,1751328000000,1751328000000);
INSERT INTO schools (id,org_id,name,slug,styles,bio,city,region,country,is_public,created_at,updated_at) VALUES ('school-000000','org-open','Ronin Academy','ronin-academy','["judo","taekwondo"]','Ronin Academy — disciplined training across judo & taekwondo.','San Jose','CA','US',1,1751328000000,1751328000000);
INSERT INTO public_school_profiles (school_id,headline,about,premium,updated_at) VALUES ('school-000000','Train with purpose at Ronin Academy','Competition-focused program with a proven tournament record.',1,1751328000000);
INSERT INTO school_staff (id,school_id,name,role,created_at,updated_at) VALUES ('staff-000001','school-000000','Coach Novak','head_coach',1751328000000,1751328000000);
INSERT INTO athletes (id,school_id,first_name,last_name,date_of_birth,gender,primary_style,belt_rank,is_public,created_at,updated_at) VALUES ('ath-000002','school-000000','Ravi','Novak','2000-06-30','male','taekwondo','White',1,1751328000000,1751328000000);
INSERT INTO athlete_measurements (id,athlete_id,measured_at,weight_kg,created_at) VALUES ('meas-000003','ath-000002',1751328000000,60,1751328000000);
INSERT INTO athletes (id,school_id,first_name,last_name,date_of_birth,gender,primary_style,belt_rank,is_public,created_at,updated_at) VALUES ('ath-000004','school-000000','Aisha','Rossi','1995-07-01','female','judo','Black',1,1751328000000,1751328000000);
INSERT INTO athlete_measurements (id,athlete_id,measured_at,weight_kg,created_at) VALUES ('meas-000005','ath-000004',1751328000000,61,1751328000000);
INSERT INTO athletes (id,school_id,first_name,last_name,date_of_birth,gender,primary_style,belt_rank,is_public,created_at,updated_at) VALUES ('ath-000006','school-000000','Mia','Patel','2002-07-01','male','taekwondo','White',1,1751328000000,1751328000000);
INSERT INTO athlete_measurements (id,athlete_id,measured_at,weight_kg,created_at) VALUES ('meas-000007','ath-000006',1751328000000,91,1751328000000);
INSERT INTO athletes (id,school_id,first_name,last_name,date_of_birth,gender,primary_style,belt_rank,is_public,created_at,updated_at) VALUES ('ath-000008','school-000000','Marcus','Tanaka','2009-07-01','male','judo','White',1,1751328000000,1751328000000);
INSERT INTO athlete_measurements (id,athlete_id,measured_at,weight_kg,created_at) VALUES ('meas-000009','ath-000008',1751328000000,88,1751328000000);
INSERT INTO athletes (id,school_id,first_name,last_name,date_of_birth,gender,primary_style,belt_rank,is_public,created_at,updated_at) VALUES ('ath-000010','school-000000','Kai','Tanaka','1993-07-01','male','taekwondo','Blue',1,1751328000000,1751328000000);
INSERT INTO athlete_measurements (id,athlete_id,measured_at,weight_kg,created_at) VALUES ('meas-000011','ath-000010',1751328000000,62,1751328000000);
INSERT INTO athletes (id,school_id,first_name,last_name,date_of_birth,gender,primary_style,belt_rank,is_public,created_at,updated_at) VALUES ('ath-000012','school-000000','Liam','Nguyen','2007-07-01','female','taekwondo','Red',1,1751328000000,1751328000000);
INSERT INTO athlete_measurements (id,athlete_id,measured_at,weight_kg,created_at) VALUES ('meas-000013','ath-000012',1751328000000,80,1751328000000);
INSERT INTO athletes (id,school_id,first_name,last_name,date_of_birth,gender,primary_style,belt_rank,is_public,created_at,updated_at) VALUES ('ath-000014','school-000000','Sofia','Silva','2008-06-30','female','taekwondo','Red',1,1751328000000,1751328000000);
INSERT INTO athlete_measurements (id,athlete_id,measured_at,weight_kg,created_at) VALUES ('meas-000015','ath-000014',1751328000000,60,1751328000000);
INSERT INTO athletes (id,school_id,first_name,last_name,date_of_birth,gender,primary_style,belt_rank,is_public,created_at,updated_at) VALUES ('ath-000016','school-000000','Ivan','Ivanov','1990-07-01','female','taekwondo','Red',1,1751328000000,1751328000000);
INSERT INTO athlete_measurements (id,athlete_id,measured_at,weight_kg,created_at) VALUES ('meas-000017','ath-000016',1751328000000,49,1751328000000);
INSERT INTO athletes (id,school_id,first_name,last_name,date_of_birth,gender,primary_style,belt_rank,is_public,created_at,updated_at) VALUES ('ath-000018','school-000000','Yuki','Patel','2013-07-01','female','judo','White',1,1751328000000,1751328000000);
INSERT INTO athlete_measurements (id,athlete_id,measured_at,weight_kg,created_at) VALUES ('meas-000019','ath-000018',1751328000000,64,1751328000000);
INSERT INTO athletes (id,school_id,first_name,last_name,date_of_birth,gender,primary_style,belt_rank,is_public,created_at,updated_at) VALUES ('ath-000020','school-000000','Omar','Kim','1990-07-01','female','judo','Brown',1,1751328000000,1751328000000);
INSERT INTO athlete_measurements (id,athlete_id,measured_at,weight_kg,created_at) VALUES ('meas-000021','ath-000020',1751328000000,60,1751328000000);
INSERT INTO school_rankings (id,school_id,style,region,points,rank,period,created_at,updated_at) VALUES ('rank-000022','school-000000','judo','CA',1000,1,'2026-Q3',1751328000000,1751328000000);
INSERT INTO schools (id,org_id,name,slug,styles,bio,city,region,country,is_public,created_at,updated_at) VALUES ('school-000023','org-open','Ironbound BJJ','ironbound-bjj','["kickboxing","karate"]','Ironbound BJJ — disciplined training across kickboxing & karate.','Austin','TX','US',1,1751328000000,1751328000000);
INSERT INTO public_school_profiles (school_id,headline,about,premium,updated_at) VALUES ('school-000023','Train with purpose at Ironbound BJJ','Competition-focused program with a proven tournament record.',1,1751328000000);
INSERT INTO school_staff (id,school_id,name,role,created_at,updated_at) VALUES ('staff-000024','school-000023','Coach Dubois','head_coach',1751328000000,1751328000000);
INSERT INTO athletes (id,school_id,first_name,last_name,date_of_birth,gender,primary_style,belt_rank,is_public,created_at,updated_at) VALUES ('ath-000025','school-000023','Noah','Patel','2003-07-01','male','karate','Black',1,1751328000000,1751328000000);
INSERT INTO athlete_measurements (id,athlete_id,measured_at,weight_kg,created_at) VALUES ('meas-000026','ath-000025',1751328000000,76,1751328000000);
INSERT INTO athletes (id,school_id,first_name,last_name,date_of_birth,gender,primary_style,belt_rank,is_public,created_at,updated_at) VALUES ('ath-000027','school-000023','Nina','Dubois','2002-07-01','female','karate','Green',1,1751328000000,1751328000000);
INSERT INTO athlete_measurements (id,athlete_id,measured_at,weight_kg,created_at) VALUES ('meas-000028','ath-000027',1751328000000,91,1751328000000);
INSERT INTO athletes (id,school_id,first_name,last_name,date_of_birth,gender,primary_style,belt_rank,is_public,created_at,updated_at) VALUES ('ath-000029','school-000023','Nina','Garcia','2006-07-01','female','kickboxing','Intermediate',1,1751328000000,1751328000000);
INSERT INTO athlete_measurements (id,athlete_id,measured_at,weight_kg,created_at) VALUES ('meas-000030','ath-000029',1751328000000,50,1751328000000);
INSERT INTO athletes (id,school_id,first_name,last_name,date_of_birth,gender,primary_style,belt_rank,is_public,created_at,updated_at) VALUES ('ath-000031','school-000023','Diego','Dubois','2002-07-01','male','karate','White',1,1751328000000,1751328000000);
INSERT INTO athlete_measurements (id,athlete_id,measured_at,weight_kg,created_at) VALUES ('meas-000032','ath-000031',1751328000000,90,1751328000000);
INSERT INTO athletes (id,school_id,first_name,last_name,date_of_birth,gender,primary_style,belt_rank,is_public,created_at,updated_at) VALUES ('ath-000033','school-000023','Aisha','Muller','2008-06-30','male','karate','Brown',1,1751328000000,1751328000000);
INSERT INTO athlete_measurements (id,athlete_id,measured_at,weight_kg,created_at) VALUES ('meas-000034','ath-000033',1751328000000,67,1751328000000);
INSERT INTO athletes (id,school_id,first_name,last_name,date_of_birth,gender,primary_style,belt_rank,is_public,created_at,updated_at) VALUES ('ath-000035','school-000023','Grace','Ivanov','1991-07-01','male','kickboxing','Intermediate',1,1751328000000,1751328000000);
INSERT INTO athlete_measurements (id,athlete_id,measured_at,weight_kg,created_at) VALUES ('meas-000036','ath-000035',1751328000000,62,1751328000000);
INSERT INTO athletes (id,school_id,first_name,last_name,date_of_birth,gender,primary_style,belt_rank,is_public,created_at,updated_at) VALUES ('ath-000037','school-000023','Ravi','Reyes','2013-07-01','female','karate','Green',1,1751328000000,1751328000000);
INSERT INTO athlete_measurements (id,athlete_id,measured_at,weight_kg,created_at) VALUES ('meas-000038','ath-000037',1751328000000,85,1751328000000);
INSERT INTO athletes (id,school_id,first_name,last_name,date_of_birth,gender,primary_style,belt_rank,is_public,created_at,updated_at) VALUES ('ath-000039','school-000023','Kenji','Costa','2001-07-01','female','kickboxing','Intermediate',1,1751328000000,1751328000000);
INSERT INTO athlete_measurements (id,athlete_id,measured_at,weight_kg,created_at) VALUES ('meas-000040','ath-000039',1751328000000,55,1751328000000);
INSERT INTO athletes (id,school_id,first_name,last_name,date_of_birth,gender,primary_style,belt_rank,is_public,created_at,updated_at) VALUES ('ath-000041','school-000023','Liam','Dubois','2005-07-01','female','kickboxing','Novice',1,1751328000000,1751328000000);
INSERT INTO athlete_measurements (id,athlete_id,measured_at,weight_kg,created_at) VALUES ('meas-000042','ath-000041',1751328000000,46,1751328000000);
INSERT INTO athletes (id,school_id,first_name,last_name,date_of_birth,gender,primary_style,belt_rank,is_public,created_at,updated_at) VALUES ('ath-000043','school-000023','Sofia','Ivanov','2009-07-01','male','karate','White',1,1751328000000,1751328000000);
INSERT INTO athlete_measurements (id,athlete_id,measured_at,weight_kg,created_at) VALUES ('meas-000044','ath-000043',1751328000000,75,1751328000000);
INSERT INTO athletes (id,school_id,first_name,last_name,date_of_birth,gender,primary_style,belt_rank,is_public,created_at,updated_at) VALUES ('ath-000045','school-000023','Zara','Garcia','2004-06-30','male','kickboxing','Advanced',1,1751328000000,1751328000000);
INSERT INTO athlete_measurements (id,athlete_id,measured_at,weight_kg,created_at) VALUES ('meas-000046','ath-000045',1751328000000,63,1751328000000);
INSERT INTO school_rankings (id,school_id,style,region,points,rank,period,created_at,updated_at) VALUES ('rank-000047','school-000023','kickboxing','TX',910,2,'2026-Q3',1751328000000,1751328000000);
INSERT INTO schools (id,org_id,name,slug,styles,bio,city,region,country,is_public,created_at,updated_at) VALUES ('school-000048','org-open','Summit Taekwondo','summit-taekwondo','["judo","taekwondo"]','Summit Taekwondo — disciplined training across judo & taekwondo.','Denver','CO','US',1,1751328000000,1751328000000);
INSERT INTO public_school_profiles (school_id,headline,about,premium,updated_at) VALUES ('school-000048','Train with purpose at Summit Taekwondo','Competition-focused program with a proven tournament record.',0,1751328000000);
INSERT INTO school_staff (id,school_id,name,role,created_at,updated_at) VALUES ('staff-000049','school-000048','Coach Patel','head_coach',1751328000000,1751328000000);
INSERT INTO athletes (id,school_id,first_name,last_name,date_of_birth,gender,primary_style,belt_rank,is_public,created_at,updated_at) VALUES ('ath-000050','school-000048','Nina','Johnson','2006-07-01','male','judo','Green',1,1751328000000,1751328000000);
INSERT INTO athlete_measurements (id,athlete_id,measured_at,weight_kg,created_at) VALUES ('meas-000051','ath-000050',1751328000000,62,1751328000000);
INSERT INTO athletes (id,school_id,first_name,last_name,date_of_birth,gender,primary_style,belt_rank,is_public,created_at,updated_at) VALUES ('ath-000052','school-000048','Kenji','Patel','2010-07-01','male','taekwondo','Blue',1,1751328000000,1751328000000);
INSERT INTO athlete_measurements (id,athlete_id,measured_at,weight_kg,created_at) VALUES ('meas-000053','ath-000052',1751328000000,62,1751328000000);
INSERT INTO athletes (id,school_id,first_name,last_name,date_of_birth,gender,primary_style,belt_rank,is_public,created_at,updated_at) VALUES ('ath-000054','school-000048','Tomas','Okafor','1996-06-30','male','judo','Green',1,1751328000000,1751328000000);
INSERT INTO athlete_measurements (id,athlete_id,measured_at,weight_kg,created_at) VALUES ('meas-000055','ath-000054',1751328000000,95,1751328000000);
INSERT INTO athletes (id,school_id,first_name,last_name,date_of_birth,gender,primary_style,belt_rank,is_public,created_at,updated_at) VALUES ('ath-000056','school-000048','Yuki','Kim','1992-06-30','female','taekwondo','Red',1,1751328000000,1751328000000);
INSERT INTO athlete_measurements (id,athlete_id,measured_at,weight_kg,created_at) VALUES ('meas-000057','ath-000056',1751328000000,94,1751328000000);
INSERT INTO athletes (id,school_id,first_name,last_name,date_of_birth,gender,primary_style,belt_rank,is_public,created_at,updated_at) VALUES ('ath-000058','school-000048','Chloe','Okafor','2004-06-30','female','taekwondo','White',1,1751328000000,1751328000000);
INSERT INTO athlete_measurements (id,athlete_id,measured_at,weight_kg,created_at) VALUES ('meas-000059','ath-000058',1751328000000,75,1751328000000);
INSERT INTO athletes (id,school_id,first_name,last_name,date_of_birth,gender,primary_style,belt_rank,is_public,created_at,updated_at) VALUES ('ath-000060','school-000048','Aisha','Rossi','2012-06-30','female','taekwondo','Red',1,1751328000000,1751328000000);
INSERT INTO athlete_measurements (id,athlete_id,measured_at,weight_kg,created_at) VALUES ('meas-000061','ath-000060',1751328000000,48,1751328000000);
INSERT INTO athletes (id,school_id,first_name,last_name,date_of_birth,gender,primary_style,belt_rank,is_public,created_at,updated_at) VALUES ('ath-000062','school-000048','Tomas','Novak','1993-07-01','female','taekwondo','Black',1,1751328000000,1751328000000);
INSERT INTO athlete_measurements (id,athlete_id,measured_at,weight_kg,created_at) VALUES ('meas-000063','ath-000062',1751328000000,79,1751328000000);
INSERT INTO athletes (id,school_id,first_name,last_name,date_of_birth,gender,primary_style,belt_rank,is_public,created_at,updated_at) VALUES ('ath-000064','school-000048','Noah','Dubois','1992-06-30','female','judo','Green',1,1751328000000,1751328000000);
INSERT INTO athlete_measurements (id,athlete_id,measured_at,weight_kg,created_at) VALUES ('meas-000065','ath-000064',1751328000000,82,1751328000000);
INSERT INTO athletes (id,school_id,first_name,last_name,date_of_birth,gender,primary_style,belt_rank,is_public,created_at,updated_at) VALUES ('ath-000066','school-000048','Kenji','Silva','2010-07-01','female','judo','Black',1,1751328000000,1751328000000);
INSERT INTO athlete_measurements (id,athlete_id,measured_at,weight_kg,created_at) VALUES ('meas-000067','ath-000066',1751328000000,65,1751328000000);
INSERT INTO athletes (id,school_id,first_name,last_name,date_of_birth,gender,primary_style,belt_rank,is_public,created_at,updated_at) VALUES ('ath-000068','school-000048','Omar','Kim','1992-06-30','male','taekwondo','Black',1,1751328000000,1751328000000);
INSERT INTO athlete_measurements (id,athlete_id,measured_at,weight_kg,created_at) VALUES ('meas-000069','ath-000068',1751328000000,70,1751328000000);
INSERT INTO athletes (id,school_id,first_name,last_name,date_of_birth,gender,primary_style,belt_rank,is_public,created_at,updated_at) VALUES ('ath-000070','school-000048','Lena','Costa','2006-07-01','female','judo','White',1,1751328000000,1751328000000);
INSERT INTO athlete_measurements (id,athlete_id,measured_at,weight_kg,created_at) VALUES ('meas-000071','ath-000070',1751328000000,69,1751328000000);
INSERT INTO athletes (id,school_id,first_name,last_name,date_of_birth,gender,primary_style,belt_rank,is_public,created_at,updated_at) VALUES ('ath-000072','school-000048','Kai','Okafor','1997-07-01','male','taekwondo','White',1,1751328000000,1751328000000);
INSERT INTO athlete_measurements (id,athlete_id,measured_at,weight_kg,created_at) VALUES ('meas-000073','ath-000072',1751328000000,73,1751328000000);
INSERT INTO school_rankings (id,school_id,style,region,points,rank,period,created_at,updated_at) VALUES ('rank-000074','school-000048','judo','CO',820,3,'2026-Q3',1751328000000,1751328000000);
INSERT INTO schools (id,org_id,name,slug,styles,bio,city,region,country,is_public,created_at,updated_at) VALUES ('school-000075','org-open','Bushido Judo Club','bushido-judo-club','["taekwondo","bjj"]','Bushido Judo Club — disciplined training across taekwondo & bjj.','Miami','FL','US',1,1751328000000,1751328000000);
INSERT INTO public_school_profiles (school_id,headline,about,premium,updated_at) VALUES ('school-000075','Train with purpose at Bushido Judo Club','Competition-focused program with a proven tournament record.',0,1751328000000);
INSERT INTO school_staff (id,school_id,name,role,created_at,updated_at) VALUES ('staff-000076','school-000075','Coach Nguyen','head_coach',1751328000000,1751328000000);
INSERT INTO athletes (id,school_id,first_name,last_name,date_of_birth,gender,primary_style,belt_rank,is_public,created_at,updated_at) VALUES ('ath-000077','school-000075','Marcus','Muller','2007-07-01','male','taekwondo','Red',1,1751328000000,1751328000000);
INSERT INTO athlete_measurements (id,athlete_id,measured_at,weight_kg,created_at) VALUES ('meas-000078','ath-000077',1751328000000,74,1751328000000);
INSERT INTO athletes (id,school_id,first_name,last_name,date_of_birth,gender,primary_style,belt_rank,is_public,created_at,updated_at) VALUES ('ath-000079','school-000075','Mia','Novak','2010-07-01','male','taekwondo','White',1,1751328000000,1751328000000);
INSERT INTO athlete_measurements (id,athlete_id,measured_at,weight_kg,created_at) VALUES ('meas-000080','ath-000079',1751328000000,96,1751328000000);
INSERT INTO athletes (id,school_id,first_name,last_name,date_of_birth,gender,primary_style,belt_rank,is_public,created_at,updated_at) VALUES ('ath-000081','school-000075','Emma','Johnson','1993-07-01','female','bjj','White',1,1751328000000,1751328000000);
INSERT INTO athlete_measurements (id,athlete_id,measured_at,weight_kg,created_at) VALUES ('meas-000082','ath-000081',1751328000000,48,1751328000000);
INSERT INTO athletes (id,school_id,first_name,last_name,date_of_birth,gender,primary_style,belt_rank,is_public,created_at,updated_at) VALUES ('ath-000083','school-000075','Nina','Haddad','1989-07-01','female','bjj','White',1,1751328000000,1751328000000);
INSERT INTO athlete_measurements (id,athlete_id,measured_at,weight_kg,created_at) VALUES ('meas-000084','ath-000083',1751328000000,86,1751328000000);
INSERT INTO athletes (id,school_id,first_name,last_name,date_of_birth,gender,primary_style,belt_rank,is_public,created_at,updated_at) VALUES ('ath-000085','school-000075','Mia','Tanaka','2009-07-01','male','bjj','Purple',1,1751328000000,1751328000000);
INSERT INTO athlete_measurements (id,athlete_id,measured_at,weight_kg,created_at) VALUES ('meas-000086','ath-000085',1751328000000,49,1751328000000);
INSERT INTO athletes (id,school_id,first_name,last_name,date_of_birth,gender,primary_style,belt_rank,is_public,created_at,updated_at) VALUES ('ath-000087','school-000075','Kenji','Ivanov','1999-07-01','male','bjj','Brown',1,1751328000000,1751328000000);
INSERT INTO athlete_measurements (id,athlete_id,measured_at,weight_kg,created_at) VALUES ('meas-000088','ath-000087',1751328000000,98,1751328000000);
INSERT INTO athletes (id,school_id,first_name,last_name,date_of_birth,gender,primary_style,belt_rank,is_public,created_at,updated_at) VALUES ('ath-000089','school-000075','Ivan','Dubois','2000-06-30','male','taekwondo','Black',1,1751328000000,1751328000000);
INSERT INTO athlete_measurements (id,athlete_id,measured_at,weight_kg,created_at) VALUES ('meas-000090','ath-000089',1751328000000,56,1751328000000);
INSERT INTO athletes (id,school_id,first_name,last_name,date_of_birth,gender,primary_style,belt_rank,is_public,created_at,updated_at) VALUES ('ath-000091','school-000075','Lena','Haddad','1990-07-01','male','bjj','Black',1,1751328000000,1751328000000);
INSERT INTO athlete_measurements (id,athlete_id,measured_at,weight_kg,created_at) VALUES ('meas-000092','ath-000091',1751328000000,82,1751328000000);
INSERT INTO athletes (id,school_id,first_name,last_name,date_of_birth,gender,primary_style,belt_rank,is_public,created_at,updated_at) VALUES ('ath-000093','school-000075','Lena','Rossi','2000-06-30','female','taekwondo','Black',1,1751328000000,1751328000000);
INSERT INTO athlete_measurements (id,athlete_id,measured_at,weight_kg,created_at) VALUES ('meas-000094','ath-000093',1751328000000,82,1751328000000);
INSERT INTO athletes (id,school_id,first_name,last_name,date_of_birth,gender,primary_style,belt_rank,is_public,created_at,updated_at) VALUES ('ath-000095','school-000075','Nina','Novak','2006-07-01','male','bjj','Brown',1,1751328000000,1751328000000);
INSERT INTO athlete_measurements (id,athlete_id,measured_at,weight_kg,created_at) VALUES ('meas-000096','ath-000095',1751328000000,79,1751328000000);
INSERT INTO school_rankings (id,school_id,style,region,points,rank,period,created_at,updated_at) VALUES ('rank-000097','school-000075','taekwondo','FL',730,4,'2026-Q3',1751328000000,1751328000000);
INSERT INTO schools (id,org_id,name,slug,styles,bio,city,region,country,is_public,created_at,updated_at) VALUES ('school-000098','org-open','Vanguard Striking','vanguard-striking','["kickboxing","bjj"]','Vanguard Striking — disciplined training across kickboxing & bjj.','Portland','OR','US',1,1751328000000,1751328000000);
INSERT INTO public_school_profiles (school_id,headline,about,premium,updated_at) VALUES ('school-000098','Train with purpose at Vanguard Striking','Competition-focused program with a proven tournament record.',0,1751328000000);
INSERT INTO school_staff (id,school_id,name,role,created_at,updated_at) VALUES ('staff-000099','school-000098','Coach Reyes','head_coach',1751328000000,1751328000000);
INSERT INTO athletes (id,school_id,first_name,last_name,date_of_birth,gender,primary_style,belt_rank,is_public,created_at,updated_at) VALUES ('ath-000100','school-000098','Ravi','Novak','2000-06-30','female','kickboxing','Intermediate',1,1751328000000,1751328000000);
INSERT INTO athlete_measurements (id,athlete_id,measured_at,weight_kg,created_at) VALUES ('meas-000101','ath-000100',1751328000000,91,1751328000000);
INSERT INTO athletes (id,school_id,first_name,last_name,date_of_birth,gender,primary_style,belt_rank,is_public,created_at,updated_at) VALUES ('ath-000102','school-000098','Sofia','Muller','1989-07-01','female','kickboxing','Novice',1,1751328000000,1751328000000);
INSERT INTO athlete_measurements (id,athlete_id,measured_at,weight_kg,created_at) VALUES ('meas-000103','ath-000102',1751328000000,71,1751328000000);
INSERT INTO athletes (id,school_id,first_name,last_name,date_of_birth,gender,primary_style,belt_rank,is_public,created_at,updated_at) VALUES ('ath-000104','school-000098','Ivan','Rossi','2009-07-01','male','bjj','Brown',1,1751328000000,1751328000000);
INSERT INTO athlete_measurements (id,athlete_id,measured_at,weight_kg,created_at) VALUES ('meas-000105','ath-000104',1751328000000,91,1751328000000);
INSERT INTO athletes (id,school_id,first_name,last_name,date_of_birth,gender,primary_style,belt_rank,is_public,created_at,updated_at) VALUES ('ath-000106','school-000098','Kai','Okafor','1991-07-01','female','kickboxing','Intermediate',1,1751328000000,1751328000000);
INSERT INTO athlete_measurements (id,athlete_id,measured_at,weight_kg,created_at) VALUES ('meas-000107','ath-000106',1751328000000,82,1751328000000);
INSERT INTO athletes (id,school_id,first_name,last_name,date_of_birth,gender,primary_style,belt_rank,is_public,created_at,updated_at) VALUES ('ath-000108','school-000098','Mia','Silva','2012-06-30','male','bjj','Purple',1,1751328000000,1751328000000);
INSERT INTO athlete_measurements (id,athlete_id,measured_at,weight_kg,created_at) VALUES ('meas-000109','ath-000108',1751328000000,54,1751328000000);
INSERT INTO athletes (id,school_id,first_name,last_name,date_of_birth,gender,primary_style,belt_rank,is_public,created_at,updated_at) VALUES ('ath-000110','school-000098','Kenji','Nguyen','1996-06-30','female','bjj','Black',1,1751328000000,1751328000000);
INSERT INTO athlete_measurements (id,athlete_id,measured_at,weight_kg,created_at) VALUES ('meas-000111','ath-000110',1751328000000,49,1751328000000);
INSERT INTO athletes (id,school_id,first_name,last_name,date_of_birth,gender,primary_style,belt_rank,is_public,created_at,updated_at) VALUES ('ath-000112','school-000098','Zara','Garcia','1998-07-01','male','kickboxing','Advanced',1,1751328000000,1751328000000);
INSERT INTO athlete_measurements (id,athlete_id,measured_at,weight_kg,created_at) VALUES ('meas-000113','ath-000112',1751328000000,94,1751328000000);
INSERT INTO athletes (id,school_id,first_name,last_name,date_of_birth,gender,primary_style,belt_rank,is_public,created_at,updated_at) VALUES ('ath-000114','school-000098','Sofia','Costa','2001-07-01','female','bjj','Blue',1,1751328000000,1751328000000);
INSERT INTO athlete_measurements (id,athlete_id,measured_at,weight_kg,created_at) VALUES ('meas-000115','ath-000114',1751328000000,60,1751328000000);
INSERT INTO athletes (id,school_id,first_name,last_name,date_of_birth,gender,primary_style,belt_rank,is_public,created_at,updated_at) VALUES ('ath-000116','school-000098','Nina','Reyes','2011-07-01','male','kickboxing','Intermediate',1,1751328000000,1751328000000);
INSERT INTO athlete_measurements (id,athlete_id,measured_at,weight_kg,created_at) VALUES ('meas-000117','ath-000116',1751328000000,88,1751328000000);
INSERT INTO athletes (id,school_id,first_name,last_name,date_of_birth,gender,primary_style,belt_rank,is_public,created_at,updated_at) VALUES ('ath-000118','school-000098','Liam','Dubois','2005-07-01','female','kickboxing','Novice',1,1751328000000,1751328000000);
INSERT INTO athlete_measurements (id,athlete_id,measured_at,weight_kg,created_at) VALUES ('meas-000119','ath-000118',1751328000000,58,1751328000000);
INSERT INTO athletes (id,school_id,first_name,last_name,date_of_birth,gender,primary_style,belt_rank,is_public,created_at,updated_at) VALUES ('ath-000120','school-000098','Omar','Haddad','1997-07-01','male','bjj','Blue',1,1751328000000,1751328000000);
INSERT INTO athlete_measurements (id,athlete_id,measured_at,weight_kg,created_at) VALUES ('meas-000121','ath-000120',1751328000000,46,1751328000000);
INSERT INTO school_rankings (id,school_id,style,region,points,rank,period,created_at,updated_at) VALUES ('rank-000122','school-000098','kickboxing','OR',640,5,'2026-Q3',1751328000000,1751328000000);
INSERT INTO schools (id,org_id,name,slug,styles,bio,city,region,country,is_public,created_at,updated_at) VALUES ('school-000123','org-open','Meridian Martial Arts','meridian-martial-arts','["bjj","judo"]','Meridian Martial Arts — disciplined training across bjj & judo.','San Jose','CA','US',1,1751328000000,1751328000000);
INSERT INTO public_school_profiles (school_id,headline,about,premium,updated_at) VALUES ('school-000123','Train with purpose at Meridian Martial Arts','Competition-focused program with a proven tournament record.',0,1751328000000);
INSERT INTO school_staff (id,school_id,name,role,created_at,updated_at) VALUES ('staff-000124','school-000123','Coach Rossi','head_coach',1751328000000,1751328000000);
INSERT INTO athletes (id,school_id,first_name,last_name,date_of_birth,gender,primary_style,belt_rank,is_public,created_at,updated_at) VALUES ('ath-000125','school-000123','Zara','Haddad','1994-07-01','male','bjj','White',1,1751328000000,1751328000000);
INSERT INTO athlete_measurements (id,athlete_id,measured_at,weight_kg,created_at) VALUES ('meas-000126','ath-000125',1751328000000,68,1751328000000);
INSERT INTO athletes (id,school_id,first_name,last_name,date_of_birth,gender,primary_style,belt_rank,is_public,created_at,updated_at) VALUES ('ath-000127','school-000123','Nina','Johnson','2010-07-01','female','judo','White',1,1751328000000,1751328000000);
INSERT INTO athlete_measurements (id,athlete_id,measured_at,weight_kg,created_at) VALUES ('meas-000128','ath-000127',1751328000000,75,1751328000000);
INSERT INTO athletes (id,school_id,first_name,last_name,date_of_birth,gender,primary_style,belt_rank,is_public,created_at,updated_at) VALUES ('ath-000129','school-000123','Lena','Johnson','1997-07-01','female','bjj','White',1,1751328000000,1751328000000);
INSERT INTO athlete_measurements (id,athlete_id,measured_at,weight_kg,created_at) VALUES ('meas-000130','ath-000129',1751328000000,78,1751328000000);
INSERT INTO athletes (id,school_id,first_name,last_name,date_of_birth,gender,primary_style,belt_rank,is_public,created_at,updated_at) VALUES ('ath-000131','school-000123','Lena','Nguyen','2012-06-30','male','judo','Brown',1,1751328000000,1751328000000);
INSERT INTO athlete_measurements (id,athlete_id,measured_at,weight_kg,created_at) VALUES ('meas-000132','ath-000131',1751328000000,97,1751328000000);
INSERT INTO athletes (id,school_id,first_name,last_name,date_of_birth,gender,primary_style,belt_rank,is_public,created_at,updated_at) VALUES ('ath-000133','school-000123','Zara','Okafor','1994-07-01','male','bjj','Brown',1,1751328000000,1751328000000);
INSERT INTO athlete_measurements (id,athlete_id,measured_at,weight_kg,created_at) VALUES ('meas-000134','ath-000133',1751328000000,58,1751328000000);
INSERT INTO athletes (id,school_id,first_name,last_name,date_of_birth,gender,primary_style,belt_rank,is_public,created_at,updated_at) VALUES ('ath-000135','school-000123','Mia','Kim','2009-07-01','female','judo','Brown',1,1751328000000,1751328000000);
INSERT INTO athlete_measurements (id,athlete_id,measured_at,weight_kg,created_at) VALUES ('meas-000136','ath-000135',1751328000000,91,1751328000000);
INSERT INTO athletes (id,school_id,first_name,last_name,date_of_birth,gender,primary_style,belt_rank,is_public,created_at,updated_at) VALUES ('ath-000137','school-000123','Yuki','Muller','2001-07-01','male','bjj','Purple',1,1751328000000,1751328000000);
INSERT INTO athlete_measurements (id,athlete_id,measured_at,weight_kg,created_at) VALUES ('meas-000138','ath-000137',1751328000000,79,1751328000000);
INSERT INTO athletes (id,school_id,first_name,last_name,date_of_birth,gender,primary_style,belt_rank,is_public,created_at,updated_at) VALUES ('ath-000139','school-000123','Marcus','Haddad','2005-07-01','male','judo','Black',1,1751328000000,1751328000000);
INSERT INTO athlete_measurements (id,athlete_id,measured_at,weight_kg,created_at) VALUES ('meas-000140','ath-000139',1751328000000,56,1751328000000);
INSERT INTO athletes (id,school_id,first_name,last_name,date_of_birth,gender,primary_style,belt_rank,is_public,created_at,updated_at) VALUES ('ath-000141','school-000123','Zara','Garcia','2001-07-01','male','bjj','Blue',1,1751328000000,1751328000000);
INSERT INTO athlete_measurements (id,athlete_id,measured_at,weight_kg,created_at) VALUES ('meas-000142','ath-000141',1751328000000,46,1751328000000);
INSERT INTO athletes (id,school_id,first_name,last_name,date_of_birth,gender,primary_style,belt_rank,is_public,created_at,updated_at) VALUES ('ath-000143','school-000123','Mia','Reyes','2012-06-30','female','bjj','Purple',1,1751328000000,1751328000000);
INSERT INTO athlete_measurements (id,athlete_id,measured_at,weight_kg,created_at) VALUES ('meas-000144','ath-000143',1751328000000,81,1751328000000);
INSERT INTO athletes (id,school_id,first_name,last_name,date_of_birth,gender,primary_style,belt_rank,is_public,created_at,updated_at) VALUES ('ath-000145','school-000123','Marcus','Okafor','2012-06-30','female','judo','Black',1,1751328000000,1751328000000);
INSERT INTO athlete_measurements (id,athlete_id,measured_at,weight_kg,created_at) VALUES ('meas-000146','ath-000145',1751328000000,77,1751328000000);
INSERT INTO athletes (id,school_id,first_name,last_name,date_of_birth,gender,primary_style,belt_rank,is_public,created_at,updated_at) VALUES ('ath-000147','school-000123','Omar','Tanaka','1999-07-01','female','bjj','Purple',1,1751328000000,1751328000000);
INSERT INTO athlete_measurements (id,athlete_id,measured_at,weight_kg,created_at) VALUES ('meas-000148','ath-000147',1751328000000,45,1751328000000);
INSERT INTO school_rankings (id,school_id,style,region,points,rank,period,created_at,updated_at) VALUES ('rank-000149','school-000123','bjj','CA',550,6,'2026-Q3',1751328000000,1751328000000);
INSERT INTO tournaments (id,org_id,name,slug,styles,status,description,start_date,venue_name,city,region,country,is_public,registration_opens_at,registration_closes_at,created_at,updated_at) VALUES ('tour-summer','org-open','Bushi Summer Open 2026','bushi-summer-open-2026','["karate","bjj","taekwondo"]','registration_open','A premier all-styles tournament on the Bushi platform.','2026-08-15','Grand Pavilion Arena','San Jose','CA','US',1,1751328000000,1756512000000,1751328000000,1751328000000);
INSERT INTO mats (id,tournament_id,mat_number,name,created_at) VALUES ('tour-summer-mat-000150','tour-summer',1,'Mat 1',1751328000000);
INSERT INTO mats (id,tournament_id,mat_number,name,created_at) VALUES ('tour-summer-mat-000151','tour-summer',2,'Mat 2',1751328000000);
INSERT INTO mats (id,tournament_id,mat_number,name,created_at) VALUES ('tour-summer-mat-000152','tour-summer',3,'Mat 3',1751328000000);
INSERT INTO mats (id,tournament_id,mat_number,name,created_at) VALUES ('tour-summer-mat-000153','tour-summer',4,'Mat 4',1751328000000);
INSERT INTO tournaments (id,org_id,name,slug,styles,status,description,start_date,venue_name,city,region,country,is_public,registration_opens_at,registration_closes_at,created_at,updated_at) VALUES ('tour-winter','org-open','Bushi Winter Classic 2026','bushi-winter-classic-2026','["bjj","judo"]','completed','A premier all-styles tournament on the Bushi platform.','2026-02-08','Grand Pavilion Arena','San Jose','CA','US',1,1751328000000,1756512000000,1751328000000,1751328000000);
INSERT INTO mats (id,tournament_id,mat_number,name,created_at) VALUES ('tour-winter-mat-000154','tour-winter',1,'Mat 1',1751328000000);
INSERT INTO mats (id,tournament_id,mat_number,name,created_at) VALUES ('tour-winter-mat-000155','tour-winter',2,'Mat 2',1751328000000);
INSERT INTO mats (id,tournament_id,mat_number,name,created_at) VALUES ('tour-winter-mat-000156','tour-winter',3,'Mat 3',1751328000000);
INSERT INTO mats (id,tournament_id,mat_number,name,created_at) VALUES ('tour-winter-mat-000157','tour-winter',4,'Mat 4',1751328000000);
INSERT INTO divisions (id,tournament_id,name,style,format,status,created_at,updated_at) VALUES ('div-bjj-adult','tour-winter','BJJ Adult Blue -76kg','bjj','single_elimination','complete',1751328000000,1751328000000);
INSERT INTO division_entries (id,division_id,athlete_id,seed,status,created_at,updated_at) VALUES ('div-bjj-adult-e-000158','div-bjj-adult','ath-000081',1,'checked_in',1751328000000,1751328000000);
INSERT INTO division_entries (id,division_id,athlete_id,seed,status,created_at,updated_at) VALUES ('div-bjj-adult-e-000159','div-bjj-adult','ath-000083',2,'checked_in',1751328000000,1751328000000);
INSERT INTO division_entries (id,division_id,athlete_id,seed,status,created_at,updated_at) VALUES ('div-bjj-adult-e-000160','div-bjj-adult','ath-000085',3,'checked_in',1751328000000,1751328000000);
INSERT INTO division_entries (id,division_id,athlete_id,seed,status,created_at,updated_at) VALUES ('div-bjj-adult-e-000161','div-bjj-adult','ath-000087',4,'checked_in',1751328000000,1751328000000);
INSERT INTO division_entries (id,division_id,athlete_id,seed,status,created_at,updated_at) VALUES ('div-bjj-adult-e-000162','div-bjj-adult','ath-000091',5,'checked_in',1751328000000,1751328000000);
INSERT INTO division_entries (id,division_id,athlete_id,seed,status,created_at,updated_at) VALUES ('div-bjj-adult-e-000163','div-bjj-adult','ath-000095',6,'checked_in',1751328000000,1751328000000);
INSERT INTO division_entries (id,division_id,athlete_id,seed,status,created_at,updated_at) VALUES ('div-bjj-adult-e-000164','div-bjj-adult','ath-000104',7,'checked_in',1751328000000,1751328000000);
INSERT INTO division_entries (id,division_id,athlete_id,seed,status,created_at,updated_at) VALUES ('div-bjj-adult-e-000165','div-bjj-adult','ath-000108',8,'checked_in',1751328000000,1751328000000);
INSERT INTO matches (id,tournament_id,division_id,round,ordinal,label,status,winner_athlete_id,method,completed_at,created_at,updated_at) VALUES ('div-bjj-adult-m-000166','tour-winter','div-bjj-adult',1,0,'Round 1','completed','ath-000083','points',1751328000000,1751328000000,1751328000000);
INSERT INTO match_participants (id,match_id,athlete_id,corner,score,penalties,created_at) VALUES ('div-bjj-adult-m-000166a-000167','div-bjj-adult-m-000166','ath-000081','a',8,0,1751328000000);
INSERT INTO match_participants (id,match_id,athlete_id,corner,score,penalties,created_at) VALUES ('div-bjj-adult-m-000166b-000168','div-bjj-adult-m-000166','ath-000083','b',11,0,1751328000000);
INSERT INTO matches (id,tournament_id,division_id,round,ordinal,label,status,winner_athlete_id,method,completed_at,created_at,updated_at) VALUES ('div-bjj-adult-m-000169','tour-winter','div-bjj-adult',2,0,'Round 2','completed','ath-000087','decision',1751328000000,1751328000000,1751328000000);
INSERT INTO match_participants (id,match_id,athlete_id,corner,score,penalties,created_at) VALUES ('div-bjj-adult-m-000169a-000170','div-bjj-adult-m-000169','ath-000085','a',10,0,1751328000000);
INSERT INTO match_participants (id,match_id,athlete_id,corner,score,penalties,created_at) VALUES ('div-bjj-adult-m-000169b-000171','div-bjj-adult-m-000169','ath-000087','b',5,0,1751328000000);
INSERT INTO matches (id,tournament_id,division_id,round,ordinal,label,status,winner_athlete_id,method,completed_at,created_at,updated_at) VALUES ('div-bjj-adult-m-000172','tour-winter','div-bjj-adult',3,0,'Round 3','completed','ath-000095','decision',1751328000000,1751328000000,1751328000000);
INSERT INTO match_participants (id,match_id,athlete_id,corner,score,penalties,created_at) VALUES ('div-bjj-adult-m-000172a-000173','div-bjj-adult-m-000172','ath-000091','a',5,0,1751328000000);
INSERT INTO match_participants (id,match_id,athlete_id,corner,score,penalties,created_at) VALUES ('div-bjj-adult-m-000172b-000174','div-bjj-adult-m-000172','ath-000095','b',5,0,1751328000000);
INSERT INTO divisions (id,tournament_id,name,style,format,status,created_at,updated_at) VALUES ('div-judo-teen','tour-winter','Judo Teen -60kg','judo','single_elimination','complete',1751328000000,1751328000000);
INSERT INTO division_entries (id,division_id,athlete_id,seed,status,created_at,updated_at) VALUES ('div-judo-teen-e-000175','div-judo-teen','ath-000004',1,'checked_in',1751328000000,1751328000000);
INSERT INTO division_entries (id,division_id,athlete_id,seed,status,created_at,updated_at) VALUES ('div-judo-teen-e-000176','div-judo-teen','ath-000008',2,'checked_in',1751328000000,1751328000000);
INSERT INTO division_entries (id,division_id,athlete_id,seed,status,created_at,updated_at) VALUES ('div-judo-teen-e-000177','div-judo-teen','ath-000018',3,'checked_in',1751328000000,1751328000000);
INSERT INTO division_entries (id,division_id,athlete_id,seed,status,created_at,updated_at) VALUES ('div-judo-teen-e-000178','div-judo-teen','ath-000020',4,'checked_in',1751328000000,1751328000000);
INSERT INTO division_entries (id,division_id,athlete_id,seed,status,created_at,updated_at) VALUES ('div-judo-teen-e-000179','div-judo-teen','ath-000050',5,'checked_in',1751328000000,1751328000000);
INSERT INTO division_entries (id,division_id,athlete_id,seed,status,created_at,updated_at) VALUES ('div-judo-teen-e-000180','div-judo-teen','ath-000054',6,'checked_in',1751328000000,1751328000000);
INSERT INTO division_entries (id,division_id,athlete_id,seed,status,created_at,updated_at) VALUES ('div-judo-teen-e-000181','div-judo-teen','ath-000064',7,'checked_in',1751328000000,1751328000000);
INSERT INTO division_entries (id,division_id,athlete_id,seed,status,created_at,updated_at) VALUES ('div-judo-teen-e-000182','div-judo-teen','ath-000066',8,'checked_in',1751328000000,1751328000000);
INSERT INTO matches (id,tournament_id,division_id,round,ordinal,label,status,winner_athlete_id,method,completed_at,created_at,updated_at) VALUES ('div-judo-teen-m-000183','tour-winter','div-judo-teen',1,0,'Round 1','completed','ath-000008','ippon',1751328000000,1751328000000,1751328000000);
INSERT INTO match_participants (id,match_id,athlete_id,corner,score,penalties,created_at) VALUES ('div-judo-teen-m-000183a-000184','div-judo-teen-m-000183','ath-000004','a',1,0,1751328000000);
INSERT INTO match_participants (id,match_id,athlete_id,corner,score,penalties,created_at) VALUES ('div-judo-teen-m-000183b-000185','div-judo-teen-m-000183','ath-000008','b',8,0,1751328000000);
INSERT INTO matches (id,tournament_id,division_id,round,ordinal,label,status,winner_athlete_id,method,completed_at,created_at,updated_at) VALUES ('div-judo-teen-m-000186','tour-winter','div-judo-teen',2,0,'Round 2','completed','ath-000018','ippon',1751328000000,1751328000000,1751328000000);
INSERT INTO match_participants (id,match_id,athlete_id,corner,score,penalties,created_at) VALUES ('div-judo-teen-m-000186a-000187','div-judo-teen-m-000186','ath-000018','a',9,0,1751328000000);
INSERT INTO match_participants (id,match_id,athlete_id,corner,score,penalties,created_at) VALUES ('div-judo-teen-m-000186b-000188','div-judo-teen-m-000186','ath-000020','b',5,0,1751328000000);
INSERT INTO matches (id,tournament_id,division_id,round,ordinal,label,status,winner_athlete_id,method,completed_at,created_at,updated_at) VALUES ('div-judo-teen-m-000189','tour-winter','div-judo-teen',3,0,'Round 3','completed','ath-000054','ippon',1751328000000,1751328000000,1751328000000);
INSERT INTO match_participants (id,match_id,athlete_id,corner,score,penalties,created_at) VALUES ('div-judo-teen-m-000189a-000190','div-judo-teen-m-000189','ath-000050','a',0,0,1751328000000);
INSERT INTO match_participants (id,match_id,athlete_id,corner,score,penalties,created_at) VALUES ('div-judo-teen-m-000189b-000191','div-judo-teen-m-000189','ath-000054','b',6,0,1751328000000);
INSERT INTO divisions (id,tournament_id,name,style,format,status,created_at,updated_at) VALUES ('div-karate-open','tour-summer','Karate Open Kumite','karate','single_elimination','open',1751328000000,1751328000000);
INSERT INTO division_entries (id,division_id,athlete_id,seed,status,created_at,updated_at) VALUES ('div-karate-open-e-000192','div-karate-open','ath-000025',1,'checked_in',1751328000000,1751328000000);
INSERT INTO division_entries (id,division_id,athlete_id,seed,status,created_at,updated_at) VALUES ('div-karate-open-e-000193','div-karate-open','ath-000027',2,'checked_in',1751328000000,1751328000000);
INSERT INTO division_entries (id,division_id,athlete_id,seed,status,created_at,updated_at) VALUES ('div-karate-open-e-000194','div-karate-open','ath-000031',3,'checked_in',1751328000000,1751328000000);
INSERT INTO division_entries (id,division_id,athlete_id,seed,status,created_at,updated_at) VALUES ('div-karate-open-e-000195','div-karate-open','ath-000033',4,'checked_in',1751328000000,1751328000000);
INSERT INTO division_entries (id,division_id,athlete_id,seed,status,created_at,updated_at) VALUES ('div-karate-open-e-000196','div-karate-open','ath-000037',5,'checked_in',1751328000000,1751328000000);
INSERT INTO division_entries (id,division_id,athlete_id,seed,status,created_at,updated_at) VALUES ('div-karate-open-e-000197','div-karate-open','ath-000043',6,'checked_in',1751328000000,1751328000000);
INSERT INTO sponsors (id,tournament_id,name,tier,website,created_at) VALUES
  ('spon-1','tour-summer','Katana Gear Co.','gold','https://example.com',1751328000000),
  ('spon-2','tour-summer','Dojo Nutrition','silver','https://example.com',1751328000000);
INSERT INTO prompt_templates (id,key,version,description,system_prompt,user_template,model,created_at,updated_at) VALUES
  ('pt-promo','tournament.promo_copy',1,'Promo copy for a tournament','You are a sharp martial-arts marketing copywriter. Tone: disciplined, premium, athletic. Avoid cliches.','Write launch copy for {{name}} on {{start_date}} in {{city}}. Styles: {{styles}}.','@cf/meta/llama-3.1-8b-instruct',1751328000000,1751328000000),
  ('pt-recap','tournament.recap',1,'Post-event recap','You write concise, energetic post-event recaps for martial arts tournaments.','Write a recap for {{name}}. Divisions: {{divisions}}. Notable results: {{results}}.','@cf/meta/llama-3.1-8b-instruct',1751328000000,1751328000000);
COMMIT;
PRAGMA foreign_keys = ON;
